GRAPH, WEIGHT, TIME, NODE
berlin52 , 18923 , 300.647 , 52
burma14 , 3323 , 2.44453 , 14
ch150 , 49383 , 300.121 , 150
d493 , 112485 , 300.234 , 493
dsj1000 , 5.55707e+08 , 301.523 , 1000
eil51 , 1110 , 300.662 , 51
gr202 , 56641 , 300.071 , 202
gr229 , 176922 , 300.068 , 229
kroA100 , 174348 , 300.243 , 100
kroD100 , 152844 , 300.235 , 100
pcb442 , 216360 , 300.188 , 442
ulysses16 , 6859 , 14.6475 , 16
ulysses22 , 7418 , 302.143 , 22